{
	"id": 338,
	"name": "Summer Smith",
	"status": "Alive",
	"species": "Human",
	"type": "",
	"gender": "Female",
	"origin": {
		"name": "Earth (C-137)",
		"url": "https://rickandmortyapi.com/api/location/1"
	},
	"location": {
		"name": "Earth (C-137)",
		"url": "https://rickandmortyapi.com/api/location/1"
	},
	"image": "https://rickandmortyapi.com/api/character/avatar/338.jpeg",
	"episode": [
		"https://rickandmortyapi.com/api/episode/1",
		"https://rickandmortyapi.com/api/episode/2",
		"https://rickandmortyapi.com/api/episode/3",
		"https://rickandmortyapi.com/api/episode/4",
		"https://rickandmortyapi.com/api/episode/5",
		"https://rickandmortyapi.com/api/episode/6",
		"https://rickandmortyapi.com/api/episode/22"
	],
	"url": "https://rickandmortyapi.com/api/character/338",
	"created": "2018-01-10T16:55:03.390Z"
}
