BBDD,Bases de datos
DAW,Despliegue de aplicaciones web
LM,Lenguajes de marcas
PROG,Programacion
DWEC,Desarrollo web en entorno cliente
DWES,Desarrollo web en entorno servidor
CAC,Comunicacion y atencion al cliente
GRH,Gestion de recursos humanos
GF,Gestion financiera
SE,Simulacion empresarial
LA,Logistica de almacenamiento
NI,Negociacion Internacional
MI,Marketing internacional
CDI,Comercio digital internacional
PM,Politicas de marketing
IC,Investigacion comercial
OEV,Organizacion de equipos de ventas
TVN,Tecnicas de venta y negociacion
PRP,Protocolo y relaciones publicas
EMT,Estructura del mercado turistico
RR,Recepcion y reservas
GDP,Gestion del departamento de pisos
FOL,Formacion y orientacion laboral
EIE,Empresa e iniciativa emprendedora
