95302551G,FERNANDO,FERRER,CALVO,fernando
30447095V,MARIA JOSE,ORTEGA,NUNEZ,dH1eH1dF
89103190V,DIEGO,GUTIERREZ,CASADO,cW2fK1bB
30531996W,JORGE,FLORES,VIDAL,password
78148170N,RAUL,CAMPOS,SERRANO,dC1eK6fL
51605686B,CRISTINA,HERRERA,TORRES,12345678
41215770T,JUANA,BUENO,FERNANDEZ,password
14593774K,RAFAEL,CASADO,MORALES,eibfbhhz
05448421C,PATRICIA,CARRILLO,CORTES,carrillo
31218820T,RUBEN,VAZQUEZ,LORENZO,12345678
51266530J,ROSA,HEREDIA,IBANEZ,occcbnlb
71354056Y,SUSANA,ALONSO,VICENTE,bD1hC1dD
45185294T,VICENTE,RIVERA,ORTIZ,11243412
77972183K,IVAN,ORTIZ,GONZALEZ,gonzalez
64358048T,PABLO,MORALES,RIVAS,hB7gM5gG
81974228C,ANTONIA,HERNANDEZ,SANCHEZ,dP3lN2eE
28729281G,MARIA ISABEL,GUILLEN,VAZQUEZ,28729281
92283384R,JUAN JOSE,PASCUAL,VILLAR,jK1kL3fI
88977452C,FRANCISCO,SUAREZ,MOLINA,gQ2lK1mB
37518218C,ANA,NAVARRO,DIAZ,gQmGgDlL
77629130J,JUAN ANTONIO,LORENZO,MATEO,bFlCcCqO
67538464E,CARMEN,GALLEGO,CARRILLO,fqifbdof
32077097D,JOSE,SANTANA,DELGADO,vF3lK5bE
65732735T,JESUS,MENDEZ,BENITO,oD1nD1cH
31647113X,ALBERTO,FRANCO,CAMACHO,gbhedbdk
81666058G,IRENE,BLANCO,MARTIN,khldcmeg
89939657C,LUIS,PARRA,SANZ,fG2hB7bC
13410741Q,DOLORES,GARCIA,MONTES,33321332
45393627E,MANUEL,GUERRERO,MARIN,abcdefgh
81255212F,LUCIA,HERRERA,TORRES,abcdefgh
90227369W,ADRIAN,REDONDO,RODRIGUEZ,dR6dC1mC
26330456X,ROSARIO,IBANEZ,MENDEZ,26330456
01744939K,FRANCISCA,VERA,PARRA,password
00097347B,ROSA MARIA,CRESPO,MUNOZ,pR4gF1iJ
84627233K,JOSE LUIS,SAEZ,DIEZ,12345678
05067853X,RAMON,PASTOR,ESCUDERO,escudero
32769559X,JAVIER,MONTES,AGUILAR,hE1qE1jZ
39540403E,MONTSERRAT,CASTILLO,SEGURA,bLdUeXdI
11895379D,RAQUEL,ARROYO,PRIETO,qD1rF2bE
27123605G,ISABEL,CARRILLO,CORTES,13523112
83216230E,MONICA,GARRIDO,RAMIREZ,ibbqbecj
58910801G,MANUELA,SANCHEZ,RUIZ,gbjbgdnl
62629726J,ANDREA,ROLDAN,RAMIREZ,bN1bC1oH
12005424E,ROCIO,ROJAS,SAEZ,12345678
22792022B,JORGE,SEGURA,GALLARDO,fN4wG1eE
11243406V,PATRICIA,HERRERA,MARTINEZ,wE3dD1lE
28746136T,ANTONIA,GIMENEZ,GARRIDO,lF3bI1bC
44881343V,JOAQUIN,CONTRERAS,SANTOS,nE4bB4bR
89665193S,ANTONIO,JIMENEZ,VILA,abcdefgh
48829879M,IRENE,VARELA,SANZ,admin123
02165682W,BEATRIZ,SORIANO,HEREDIA,gekcsbdl
44497369M,JULIA,SANCHEZ,GARCIA,pF1fK1bB
93762076T,IVAN,MONTERO,SEGURA,password
35057317G,PABLO,MARTINEZ,MARTI,martinez
61739360T,RAQUEL,ORTEGA,MARTIN,12345678
31422905Y,ALBERTO,DOMINGUEZ,VALERO,bK1dI2kB
81198706N,OSCAR,MARCOS,CONTRERAS,21332133
13891090X,JUAN,VERA,MACIAS,password
17179535F,FRANCISCO,CAMACHO,LORENZO,cD3eC2nB
14257470T,ROSARIO,ROBLES,CABALLERO,lB1bB3fE
33824454X,MONICA,GUTIERREZ,FUENTES,bF2wJ3nK
69248795G,LUIS,MOLINA,CANO,abcdefgh
70667966Y,LUCIA,MERINO,DIEZ,11253172
41707956D,CRISTINA,MONTES,PASTOR,cristina
38042432H,RAFAEL,FUENTES,GUILLEN,kCcGfEiF
99935360S,NURIA,GARRIDO,RUIZ,fH1cE3lI
08141190H,JESUS,CABRERA,ESPINOSA,eM4gE1eI
71947138X,MIGUEL,HERNANDEZ,VIDAL,fU2bZ1iC
05005100R,SERGIO,VIDAL,MENDOZA,password
74716533K,ALEJANDRO,REDONDO,LUQUE,bG4bB5oB
95817965B,JUAN CARLOS,CASTRO,PALACIOS,dFpIiNcH
60501851Y,JUANA,HEREDIA,CASTILLO,qP6fD4eN
18009264B,MIGUEL ANGEL,FLORES,MARCOS,abcdefgh
76121535E,ENRIQUE,MEDINA,SILVA,12345678
97067036K,VICENTE,LARA,ARROYO,fH1bV1cB
05486504S,JOSE,MATEO,FLORES,abcdefgh
76847778V,ALICIA,MONTES,AGUILAR,eG5dD2lM
90011195M,FRANCISCA,MARTIN,LOZANO,cB1bF3bB
52704314K,SONIA,HERRERO,CARRASCO,jH3hE2vS
29318262R,SARA,ALVAREZ,ESTEBAN,nG6bF3hG
08713480E,MERCEDES,MORA,VERA,mercedes
75347679R,ELENA,CARMONA,ORTIZ,75347679
40950966H,RAUL,ESTEBAN,RIOS,abcdefgh
15653136A,IVAN,MORENO,HIDALGO,cB1eB3wB
