{
	"info": {
		"count": 1,
		"pages": 1,
		"next": null,
		"prev": null
	},
	"results": [
		{
			"id": 35,
			"name": "Bepisian",
			"status": "Alive",
			"species": "Alien",
			"type": "Bepisian",
			"gender": "unknown",
			"origin": {
				"name": "Bepis 9",
				"url": "https://rickandmortyapi.com/api/location/11"
			},
			"location": {
				"name": "Bepis 9",
				"url": "https://rickandmortyapi.com/api/location/11"
			},
			"image": "https://rickandmortyapi.com/api/character/avatar/35.jpeg",
			"episode": [
				"https://rickandmortyapi.com/api/episode/1",
				"https://rickandmortyapi.com/api/episode/11",
				"https://rickandmortyapi.com/api/episode/19",
				"https://rickandmortyapi.com/api/episode/25"
			],
			"url": "https://rickandmortyapi.com/api/character/35",
			"created": "2017-11-05T09:27:38.491Z"
		}
	]
}
